asset,horizon,model,mae,rmse,directional_accuracy,interval_coverage,var_breach_rate,band_width,calibration_score,is_selected,is_baseline
BTCUSDT,1D,last_price_baseline,0.015757,0.020188,0.6875,0.8125,0.0000,0.0478,0.8171,TRUE,TRUE
BTCUSDT,1D,rolling_vol_baseline,0.015757,0.020188,0.6875,0.8125,0.0000,0.0478,0.8171,FALSE,TRUE
BTCUSDT,1D,rolling_mean_baseline,0.015828,0.020013,0.6250,0.8125,0.0000,0.0479,0.8042,FALSE,TRUE
BTCUSDT,1D,ewma,0.015800,0.019635,0.6250,0.8125,0.0000,0.0503,0.8036,FALSE,FALSE
BTCUSDT,1D,arima,0.014976,0.020085,0.4375,0.8125,0.0000,0.0456,0.7712,FALSE,FALSE
BTCUSDT,1D,garch,0.015768,0.020007,0.5625,0.7500,0.0000,0.0478,0.7170,FALSE,FALSE
BTCUSDT,1D,xgboost,0.018414,0.025728,0.5000,0.6875,0.0000,0.0474,0.5684,FALSE,FALSE
BTCUSDT,1D,historical_mean_baseline,0.016018,0.020221,0.3750,1.0000,0.0000,0.0758,0.3700,FALSE,TRUE
BTCUSDT,3D,rolling_mean_baseline,0.019782,0.030060,0.5625,0.8750,0.0625,0.0833,0.6395,TRUE,TRUE
BTCUSDT,3D,last_price_baseline,0.019879,0.030920,0.5000,0.8750,0.0625,0.0828,0.6267,FALSE,TRUE
BTCUSDT,3D,rolling_vol_baseline,0.019879,0.030920,0.5000,0.8750,0.0625,0.0828,0.6267,FALSE,TRUE
BTCUSDT,3D,xgboost,0.034403,0.048552,0.4375,0.8750,0.0625,0.0814,0.5638,FALSE,FALSE
BTCUSDT,3D,ewma,0.019128,0.029715,0.5625,0.9375,0.0625,0.0875,0.5159,FALSE,FALSE
BTCUSDT,3D,garch,0.018854,0.028761,0.5000,0.9375,0.0625,0.0832,0.5058,FALSE,FALSE
BTCUSDT,3D,historical_mean_baseline,0.019339,0.028976,0.5625,0.9375,0.0625,0.1310,0.5020,FALSE,TRUE
BTCUSDT,3D,arima,0.021890,0.033236,0.3750,0.9375,0.0625,0.0790,0.4699,FALSE,FALSE
BTCUSDT,7D,last_price_baseline,0.038231,0.048414,0.7500,0.8125,0.0625,0.1265,0.7267,TRUE,TRUE
BTCUSDT,7D,rolling_vol_baseline,0.038231,0.048414,0.7500,0.8125,0.0625,0.1265,0.7267,FALSE,TRUE
BTCUSDT,7D,rolling_mean_baseline,0.035851,0.051166,0.6875,0.8125,0.0625,0.1281,0.7205,FALSE,TRUE
BTCUSDT,7D,garch,0.038641,0.048631,0.5000,0.8125,0.0625,0.1279,0.6751,FALSE,FALSE
BTCUSDT,7D,ewma,0.033882,0.048149,0.6875,0.8750,0.0000,0.1345,0.5995,FALSE,FALSE
BTCUSDT,7D,arima,0.034130,0.046498,0.5000,0.8750,0.0625,0.1207,0.5654,FALSE,FALSE
BTCUSDT,7D,xgboost,0.051899,0.077507,0.6875,0.6250,0.0625,0.1226,0.3570,FALSE,FALSE
BTCUSDT,7D,historical_mean_baseline,0.041797,0.050699,0.4375,1.0000,0.0000,0.1991,0.2578,FALSE,TRUE
BTCUSDT,30D,ewma,0.083529,0.128044,0.8824,0.8235,0.0000,0.2990,0.5962,TRUE,FALSE
BTCUSDT,30D,rolling_mean_baseline,0.085560,0.122972,0.8824,0.7647,0.0000,0.2925,0.5723,FALSE,TRUE
BTCUSDT,30D,last_price_baseline,0.091876,0.106601,0.8824,0.7647,0.0000,0.2792,0.5699,FALSE,TRUE
BTCUSDT,30D,rolling_vol_baseline,0.091876,0.106601,0.8824,0.7647,0.0000,0.2792,0.5699,FALSE,TRUE
BTCUSDT,30D,garch,0.091081,0.128373,0.5882,0.8824,0.0000,0.2817,0.4169,FALSE,FALSE
BTCUSDT,30D,arima,0.097162,0.109793,0.5294,0.7059,0.0000,0.2683,0.3801,FALSE,FALSE
BTCUSDT,30D,historical_mean_baseline,0.109366,0.138618,0.3529,0.8824,0.0000,0.4048,0.3395,FALSE,TRUE
BTCUSDT,30D,xgboost,0.246288,0.346694,0.4118,0.3529,0.0000,0.2531,0.1086,FALSE,FALSE
ETHUSDT,1D,xgboost,0.007923,0.011020,0.5000,0.8125,0.0625,0.0235,0.8240,TRUE,FALSE
ETHUSDT,1D,arima,0.007211,0.009676,0.5625,0.8750,0.0625,0.0258,0.7145,FALSE,FALSE
ETHUSDT,1D,garch,0.006615,0.008474,0.5000,0.9375,0.0625,0.0264,0.5799,FALSE,FALSE
ETHUSDT,1D,ewma,0.006595,0.008246,0.5000,0.9375,0.0625,0.0269,0.5799,FALSE,FALSE
ETHUSDT,1D,last_price_baseline,0.006670,0.008664,0.5000,0.9375,0.0625,0.0261,0.5797,FALSE,TRUE
ETHUSDT,1D,rolling_vol_baseline,0.006670,0.008664,0.5000,0.9375,0.0625,0.0261,0.5797,FALSE,TRUE
ETHUSDT,1D,historical_mean_baseline,0.006671,0.008611,0.5000,0.9375,0.0000,0.0412,0.5752,FALSE,TRUE
ETHUSDT,1D,rolling_mean_baseline,0.006707,0.008375,0.4375,0.9375,0.0625,0.0261,0.5670,FALSE,TRUE
ETHUSDT,3D,arima,0.014573,0.017577,0.6875,0.8125,0.1875,0.0446,0.8233,TRUE,FALSE
ETHUSDT,3D,ewma,0.013887,0.016356,0.5000,0.8125,0.1250,0.0466,0.7883,FALSE,FALSE
ETHUSDT,3D,rolling_mean_baseline,0.014162,0.016533,0.4375,0.8125,0.1875,0.0453,0.7749,FALSE,TRUE
ETHUSDT,3D,last_price_baseline,0.013681,0.016096,0.3750,0.8125,0.1875,0.0452,0.7646,FALSE,TRUE
ETHUSDT,3D,rolling_vol_baseline,0.013681,0.016096,0.3750,0.8125,0.1875,0.0452,0.7646,FALSE,TRUE
ETHUSDT,3D,garch,0.013705,0.016159,0.3750,0.8125,0.1250,0.0456,0.7644,FALSE,FALSE
ETHUSDT,3D,xgboost,0.019269,0.023022,0.3750,0.6250,0.1875,0.0405,0.4169,FALSE,FALSE
ETHUSDT,3D,historical_mean_baseline,0.013909,0.016477,0.3750,1.0000,0.0000,0.0715,0.3807,FALSE,TRUE
ETHUSDT,7D,rolling_mean_baseline,0.020332,0.024501,0.4375,0.8125,0.0000,0.0692,0.7415,TRUE,TRUE
ETHUSDT,7D,arima,0.020428,0.028065,0.6875,0.8750,0.0000,0.0680,0.6665,FALSE,FALSE
ETHUSDT,7D,last_price_baseline,0.018724,0.023060,0.3750,0.8750,0.0000,0.0691,0.6106,FALSE,TRUE
ETHUSDT,7D,rolling_vol_baseline,0.018724,0.023060,0.3750,0.8750,0.0000,0.0691,0.6106,FALSE,TRUE
ETHUSDT,7D,garch,0.019747,0.023071,0.2500,0.8750,0.0000,0.0694,0.5813,FALSE,FALSE
ETHUSDT,7D,ewma,0.017896,0.021037,0.5000,1.0000,0.0000,0.0713,0.3883,FALSE,FALSE
ETHUSDT,7D,xgboost,0.030465,0.040732,0.5000,0.4375,0.0625,0.0612,0.3448,FALSE,FALSE
ETHUSDT,7D,historical_mean_baseline,0.019868,0.023591,0.2500,1.0000,0.0000,0.1094,0.3188,FALSE,TRUE
ETHUSDT,30D,arima,0.055023,0.064809,0.7647,0.7647,0.0588,0.1439,0.6390,TRUE,FALSE
ETHUSDT,30D,last_price_baseline,0.055588,0.064784,0.3529,0.8235,0.0588,0.1470,0.5781,FALSE,TRUE
ETHUSDT,30D,rolling_vol_baseline,0.055588,0.064784,0.3529,0.8235,0.0588,0.1470,0.5781,FALSE,TRUE
ETHUSDT,30D,historical_mean_baseline,0.067201,0.076322,0.2941,0.9412,0.0000,0.2331,0.2848,FALSE,TRUE
ETHUSDT,30D,ewma,0.083004,0.102598,0.4118,0.4118,0.0588,0.1545,0.1930,FALSE,FALSE
ETHUSDT,30D,garch,0.069401,0.077829,0.2353,0.5294,0.0588,0.1391,0.1802,FALSE,FALSE
ETHUSDT,30D,rolling_mean_baseline,0.093787,0.111441,0.3529,0.2353,0.0588,0.1492,0.1718,FALSE,TRUE
ETHUSDT,30D,xgboost,0.105022,0.139485,0.3529,0.3529,0.1176,0.1285,0.1688,FALSE,FALSE
SPX,1D,xgboost,0.002600,0.002920,0.5625,0.8750,0.0000,0.0103,0.7442,TRUE,FALSE
SPX,1D,garch,0.002460,0.002950,0.3125,0.9375,0.0000,0.0121,0.5695,FALSE,FALSE
SPX,1D,rolling_mean_baseline,0.002601,0.003188,0.2500,0.9375,0.0000,0.0126,0.5560,FALSE,TRUE
SPX,1D,arima,0.002162,0.002729,0.6875,1.0000,0.0000,0.0126,0.5210,FALSE,FALSE
SPX,1D,last_price_baseline,0.002328,0.002864,0.3750,1.0000,0.0000,0.0126,0.4576,FALSE,TRUE
SPX,1D,rolling_vol_baseline,0.002328,0.002864,0.3750,1.0000,0.0000,0.0126,0.4576,FALSE,TRUE
SPX,1D,historical_mean_baseline,0.002489,0.002966,0.3125,1.0000,0.0000,0.0148,0.4435,FALSE,TRUE
SPX,1D,ewma,0.002777,0.003251,0.0625,1.0000,0.0000,0.0131,0.3924,FALSE,FALSE
SPX,3D,ewma,0.006065,0.008103,0.3125,0.8125,0.1250,0.0227,0.7964,TRUE,FALSE
SPX,3D,xgboost,0.007434,0.009306,0.5625,0.7500,0.1250,0.0179,0.7657,FALSE,FALSE
SPX,3D,arima,0.005011,0.007330,0.5625,0.8750,0.1250,0.0218,0.7273,FALSE,FALSE
SPX,3D,last_price_baseline,0.005346,0.007640,0.3750,0.8750,0.1250,0.0219,0.6880,FALSE,TRUE
SPX,3D,rolling_vol_baseline,0.005346,0.007640,0.3750,0.8750,0.1250,0.0219,0.6880,FALSE,TRUE
SPX,3D,rolling_mean_baseline,0.006006,0.007798,0.3750,0.8750,0.1250,0.0219,0.6845,FALSE,TRUE
SPX,3D,garch,0.005607,0.007796,0.3125,0.8750,0.1250,0.0207,0.6745,FALSE,FALSE
SPX,3D,historical_mean_baseline,0.005706,0.007898,0.3125,0.8750,0.1250,0.0257,0.6724,FALSE,TRUE
SPX,7D,last_price_baseline,0.008172,0.010428,0.6875,0.8750,0.0625,0.0334,0.7322,TRUE,TRUE
SPX,7D,rolling_vol_baseline,0.008172,0.010428,0.6875,0.8750,0.0625,0.0334,0.7322,FALSE,TRUE
SPX,7D,rolling_mean_baseline,0.008838,0.011387,0.6875,0.8750,0.0625,0.0335,0.7289,FALSE,TRUE
SPX,7D,ewma,0.009065,0.011675,0.5000,0.8750,0.0625,0.0347,0.6898,FALSE,FALSE
SPX,7D,garch,0.007861,0.010380,0.6250,0.9375,0.0625,0.0313,0.5970,FALSE,FALSE
SPX,7D,arima,0.008066,0.010248,0.6250,0.9375,0.0625,0.0334,0.5953,FALSE,FALSE
SPX,7D,historical_mean_baseline,0.007901,0.010507,0.6250,0.9375,0.0000,0.0393,0.5944,FALSE,TRUE
SPX,7D,xgboost,0.010744,0.014094,0.6250,0.6250,0.0625,0.0273,0.5088,FALSE,FALSE
SPX,30D,garch,0.016707,0.020975,0.5882,0.7647,0.1176,0.0578,0.7445,TRUE,FALSE
SPX,30D,last_price_baseline,0.013463,0.018059,0.6471,0.8824,0.0588,0.0669,0.6738,FALSE,TRUE
SPX,30D,rolling_vol_baseline,0.013463,0.018059,0.6471,0.8824,0.0588,0.0669,0.6738,FALSE,TRUE
SPX,30D,historical_mean_baseline,0.018063,0.022530,0.5882,0.8824,0.0000,0.0818,0.6374,FALSE,TRUE
SPX,30D,arima,0.013606,0.018020,0.4118,0.8824,0.0588,0.0668,0.6261,FALSE,FALSE
SPX,30D,rolling_mean_baseline,0.022298,0.026964,0.5882,0.7059,0.0588,0.0670,0.6014,FALSE,TRUE
SPX,30D,ewma,0.021938,0.029316,0.4706,0.6471,0.0588,0.0690,0.4610,FALSE,FALSE
SPX,30D,xgboost,0.052262,0.059660,0.2941,0.2941,0.0588,0.0600,0.2463,FALSE,FALSE
XAU,1D,ewma,0.004291,0.005062,0.5625,0.7500,0.0000,0.0126,0.7841,TRUE,FALSE
XAU,1D,rolling_mean_baseline,0.004443,0.005277,0.5625,0.7500,0.0000,0.0125,0.7833,FALSE,TRUE
XAU,1D,arima,0.004664,0.005435,0.3750,0.7500,0.0000,0.0123,0.7446,FALSE,FALSE
XAU,1D,garch,0.004570,0.005331,0.3125,0.7500,0.0000,0.0126,0.7325,FALSE,FALSE
XAU,1D,last_price_baseline,0.004464,0.005245,0.5000,0.6875,0.0000,0.0124,0.6456,FALSE,TRUE
XAU,1D,rolling_vol_baseline,0.004464,0.005245,0.5000,0.6875,0.0000,0.0124,0.6456,FALSE,TRUE
XAU,1D,historical_mean_baseline,0.004546,0.005291,0.5000,0.9375,0.0000,0.0176,0.5936,FALSE,TRUE
XAU,1D,xgboost,0.005158,0.006064,0.3750,0.5625,0.0000,0.0132,0.4416,FALSE,FALSE
XAU,3D,arima,0.007681,0.009298,0.5000,0.8125,0.0625,0.0214,0.8259,TRUE,FALSE
XAU,3D,ewma,0.006682,0.008407,0.8125,0.7500,0.0625,0.0218,0.8184,FALSE,FALSE
XAU,3D,rolling_mean_baseline,0.006753,0.008362,0.6875,0.7500,0.0625,0.0216,0.7931,FALSE,TRUE
XAU,3D,garch,0.007702,0.009435,0.5625,0.7500,0.0625,0.0229,0.7628,FALSE,FALSE
XAU,3D,historical_mean_baseline,0.008006,0.009603,0.3750,0.8750,0.0625,0.0306,0.6714,FALSE,TRUE
XAU,3D,last_price_baseline,0.007792,0.009547,0.3750,0.6875,0.0625,0.0216,0.6002,FALSE,TRUE
XAU,3D,rolling_vol_baseline,0.007792,0.009547,0.3750,0.6875,0.0625,0.0216,0.6002,FALSE,TRUE
XAU,3D,xgboost,0.009547,0.010895,0.3750,0.5000,0.1250,0.0229,0.4160,FALSE,FALSE
XAU,7D,garch,0.009969,0.012962,0.6250,0.8125,0.0625,0.0361,0.8350,TRUE,FALSE
XAU,7D,ewma,0.008644,0.011557,0.7500,0.7500,0.0625,0.0333,0.7924,FALSE,FALSE
XAU,7D,arima,0.010572,0.013240,0.5625,0.7500,0.0625,0.0327,0.7455,FALSE,FALSE
XAU,7D,rolling_mean_baseline,0.009791,0.011802,0.5000,0.7500,0.0625,0.0331,0.7367,FALSE,TRUE
XAU,7D,historical_mean_baseline,0.010658,0.013515,0.4375,0.8750,0.0000,0.0468,0.6659,FALSE,TRUE
XAU,7D,last_price_baseline,0.010592,0.013419,0.4375,0.6875,0.0625,0.0329,0.5953,FALSE,TRUE
XAU,7D,rolling_vol_baseline,0.010592,0.013419,0.4375,0.6875,0.0625,0.0329,0.5953,FALSE,TRUE
XAU,7D,xgboost,0.013707,0.016844,0.5625,0.5625,0.0625,0.0350,0.4301,FALSE,FALSE
XAU,30D,historical_mean_baseline,0.026241,0.033875,0.2353,0.8235,0.0000,0.0996,0.6476,TRUE,TRUE
XAU,30D,arima,0.019486,0.027467,0.5882,0.7059,0.2353,0.0673,0.6124,FALSE,FALSE
XAU,30D,garch,0.024053,0.032929,0.5882,0.7059,0.1176,0.0809,0.5906,FALSE,FALSE
XAU,30D,last_price_baseline,0.019835,0.027822,0.2941,0.7059,0.2353,0.0683,0.5519,FALSE,TRUE
XAU,30D,rolling_vol_baseline,0.019835,0.027822,0.2941,0.7059,0.2353,0.0683,0.5519,FALSE,TRUE
XAU,30D,rolling_mean_baseline,0.032240,0.041582,0.5882,0.5882,0.2353,0.0698,0.3541,FALSE,TRUE
XAU,30D,ewma,0.032785,0.040228,0.5882,0.5882,0.1765,0.0731,0.3514,FALSE,FALSE
XAU,30D,xgboost,0.078709,0.093410,0.3529,0.1176,0.1765,0.0777,0.2094,FALSE,FALSE
